{
    "PlayerPrats": {
        "ArmL_offset": [
            2.4000000953674316,
            0.0,
            0.0
        ],
        "ArmR_offset": [
            -1.399999976158142,
            3.5,
            0.0
        ],
        "Head_offset": [
            0.0,
            0.14000000059604645,
            -3.7899999618530273
        ]
    }
}
